id;enity_name;entity_link;action;created_on;created_by;updated_on;updated_by
1;intuitive 5th generation Cambridgeshire;Mills South Carolina;Forward Stand-alone;2020-03-11T12:36:04;Montana;2020-03-11T19:01:50;Vatu SMTP firewall
2;Liberian Dollar SAS Computer;interface monetize;Ukraine Applications;2020-03-11T22:48:55;Shoes Research;2020-03-11T15:45:47;deposit Usability
3;Kenyan Shilling Savings Account;harness Utah Jewelery;Car capacitor sexy;2020-03-11T10:40:17;Data EXE;2020-03-11T10:27:00;FTP Investment Account
4;Centralized connecting Washington;optimize;5th generation;2020-03-12T00:04:15;Solutions;2020-03-11T11:54:01;Pants monitor regional
5;conglomeration;challenge;envisioneer;2020-03-12T02:06:44;Handmade Concrete Bacon contextually-based azure;2020-03-11T12:07:55;Small
6;encryption Generic Rubber Ball;parse Regional;Wisconsin;2020-03-11T10:38:03;Bolivia multi-byte Analyst;2020-03-11T07:28:20;Libyan Dinar Wooden dot-com
7;users Tasty Granite Computer;connecting black;utilize;2020-03-11T14:17:11;Reunion Planner neural;2020-03-11T10:44:48;Kentucky networks
8;Intelligent redundant;payment Re-engineered digital;Pa'anga mobile;2020-03-11T14:18:33;Home Loan Account Directives Fresh;2020-03-11T11:32:56;Ridge
9;dedicated;Movies project orange;Cheese panel;2020-03-11T17:27:49;synthesize Music Product;2020-03-12T05:19:15;integrated
10;Function-based;disintermediate;virtual Bridge;2020-03-11T06:48:58;Tugrik;2020-03-11T20:46:30;efficient
