id;first_name;last_name;contact_designation;email;phone_number;remarks;preferred_time;created_date;created_by;last_modified_date;last_modified_by
1;Filiberto;Upton;DISPATCHER;Ida_Sporer@gmail.com;40390;bus India;synthesizing;2020-03-11T08:58:31;Bedfordshire target;2020-03-11T07:54:16;payment
2;Theodore;Lehner;DISPATCHER;Laurel48@gmail.com;26979;Optimization neural Michigan;vertical Chair withdrawal;2020-03-12T05:11:38;Tasty;2020-03-12T02:15:12;blue
3;Emilia;Paucek;MANAGER;Betsy2@gmail.com;44023;software;program;2020-03-11T09:27:57;Walk;2020-03-11T22:42:46;reinvent alarm Handcrafted
4;Murphy;VonRueden;OWNER;Maximilian45@yahoo.com;2978;Lead transmit;channels Strategist;2020-03-11T19:28:33;South Georgia and the South Sandwich Islands;2020-03-11T14:09:57;Fantastic incentivize Point
5;Bernadine;Breitenberg;MANAGER;Ramona.Mitchell28@hotmail.com;98211;Bike secured line Grocery;deliverables;2020-03-11T21:25:19;Identity;2020-03-11T20:33:15;engage customized
6;Lera;Nienow;OWNER;Dell_Marvin11@yahoo.com;3184;invoice Assimilated dynamic;Expanded;2020-03-11T20:44:30;Baby bypass;2020-03-12T00:18:31;engineer recontextualize Bedfordshire
7;Arvilla;Russel;DISPATCHER;Lyla_Hermiston10@hotmail.com;17797;Garden Music;Dynamic back-end;2020-03-12T06:04:12;Cordoba Oro cross-media orchestrate;2020-03-11T07:55:34;Gloves Regional
8;Shanon;Rippin;DISPATCHER;Watson_Kertzmann@hotmail.com;44508;synergistic Cross-platform;withdrawal Auto Loan Account transmit;2020-03-11T14:09:37;Auto Loan Account;2020-03-12T03:28:32;Frozen
9;Dianna;Paucek;OWNER;Landen.Little@yahoo.com;56682;gold RAM Brooks;Generic Rubber Pizza;2020-03-11T19:08:45;Buckinghamshire back up;2020-03-11T08:53:04;vortals Buckinghamshire Rwanda Franc
10;Chelsey;Cremin;ACCOUNTANT;Judge92@hotmail.com;11480;index program;cyan;2020-03-11T10:51:58;turquoise overriding;2020-03-12T03:33:51;override Handmade Fresh Salad
