id;data;data_content_type;file_name;created_on;created_by;updated_on;updated_by
1;../fake-data/blob/hipster.png;image/png;generate;2020-03-11T09:53:52;Focused;2020-03-11T23:44:00;productivity
2;../fake-data/blob/hipster.png;image/png;networks;2020-03-12T06:21:30;invoice robust;2020-03-12T01:54:17;Alabama withdrawal
3;../fake-data/blob/hipster.png;image/png;THX Minnesota;2020-03-11T19:13:05;Cotton optimize B2C;2020-03-11T23:07:53;payment Representative
4;../fake-data/blob/hipster.png;image/png;Heard Island and McDonald Islands;2020-03-12T05:22:25;Minnesota Functionality Tanzanian Shilling;2020-03-11T21:44:53;New Zealand Bedfordshire
5;../fake-data/blob/hipster.png;image/png;context-sensitive;2020-03-11T23:05:19;Architect;2020-03-12T05:59:14;Netherlands Antilles Colorado
6;../fake-data/blob/hipster.png;image/png;New Jersey Electronics;2020-03-12T05:25:48;invoice North Carolina;2020-03-11T21:22:21;Profit-focused
7;../fake-data/blob/hipster.png;image/png;Arizona Object-based;2020-03-11T22:10:51;Latvian Lats;2020-03-11T19:37:41;Underpass Iowa
8;../fake-data/blob/hipster.png;image/png;program synthesizing;2020-03-11T16:55:44;Future Car Unbranded Rubber Tuna;2020-03-11T12:04:37;parallelism
9;../fake-data/blob/hipster.png;image/png;CFP Franc Falkland Islands Pound;2020-03-12T06:32:45;synthesizing;2020-03-11T08:50:25;California Executive New Hampshire
10;../fake-data/blob/hipster.png;image/png;white bandwidth;2020-03-11T20:00:50;calculating Clothing channels;2020-03-11T10:34:19;fuchsia Frozen
