id;status;comment;created_on;created_by;updated_on;updated_by
1;DRAFT;extend Supervisor national;2020-03-11T19:38:53;Sausages maroon synergistic;2020-03-11T22:51:12;withdrawal Home Loan Account
2;GENERATED;Cambridgeshire Field;2020-03-12T04:22:06;e-commerce haptic Proactive;2020-03-11T10:51:46;Operations Tactics Borders
3;SENT;Realigned RSS;2020-03-12T05:10:29;Cambridgeshire;2020-03-11T18:59:15;connecting Facilitator Checking Account
4;DRAFT;Concrete input CSS;2020-03-11T15:11:40;Legacy interfaces well-modulated;2020-03-11T22:18:55;Liaison turquoise
5;GENERATED;Checking Account Handcrafted Cotton Cheese Analyst;2020-03-11T19:22:17;time-frame synergize;2020-03-11T08:31:02;Frozen customer loyalty
6;DRAFT;hardware;2020-03-12T06:14:49;synthesizing;2020-03-12T00:16:39;Home holistic
7;PAID;discrete International SQL;2020-03-11T15:09:56;Vermont;2020-03-12T01:39:43;Orchestrator
8;VOIDED;payment;2020-03-11T10:07:43;Money Market Account;2020-03-12T00:14:49;Tanzanian Shilling transmitter
9;PAID;Uganda Shilling Fords;2020-03-11T10:45:03;Digitized Home Loan Account Mills;2020-03-11T17:55:15;turn-key
10;SENT;Seychelles Rupee;2020-03-12T02:08:05;connect Music Health;2020-03-11T12:00:19;Georgia Ireland plum
