id;address;street_address;city;state_province;country;postal_code;latitude;longitude;created_on;created_by;updated_on;updated_by
1;Secured productize;schemas;Octaviafurt;olive Ghana Games;CANADA;Savings Account cross-platform Colombia;5581;77939;2020-03-11T23:15:22;e-enable feed;2020-03-11T10:27:35;Liaison Chief
2;Sports Falkland Islands (Malvinas) cross-platform;index bricks-and-clicks Secured;Granthaven;Savings Account Reverse-engineered;MEXICO;Rustic;50391;27617;2020-03-11T10:33:20;Outdoors;2020-03-11T16:29:36;pink
3;Refined;Delaware Diverse Northern Mariana Islands;Ruthefort;SDD;MEXICO;auxiliary parsing generate;54460;96713;2020-03-11T15:57:33;analyzer;2020-03-12T05:33:23;JSON extend Fully-configurable
4;infrastructure EXE;Exclusive Incredible Fresh Keyboard;Fredericshire;Beauty Fantastic Plastic Computer;MEXICO;Soft Tactics redundant;68352;53704;2020-03-11T17:26:12;deposit synthesize;2020-03-11T15:12:42;Bedfordshire JBOD
5;Cambridgeshire pixel Jewelery;Awesome Granite Bacon;Heathcotetown;Key Fresh auxiliary;MEXICO;TCP Mauritius;95297;71443;2020-03-11T20:45:14;teal;2020-03-12T03:52:45;methodologies
6;bandwidth CSS Nicaragua;synthesize copying;Dachfurt;intranet payment;USA;generating holistic Colorado;46962;33157;2020-03-11T07:16:04;Gardens Automotive;2020-03-11T07:59:33;Indian Rupee Ngultrum viral
7;Haven haptic;Director turn-key approach;Greenholtbury;backing up Configuration;CANADA;Accounts;46873;59244;2020-03-11T21:08:46;Movies;2020-03-11T10:00:16;Fresh
8;Liberia quantifying;payment eyeballs Home Loan Account;East Albinmouth;International Hollow;MEXICO;purple;48240;20846;2020-03-11T17:22:27;parsing web-readiness;2020-03-12T01:53:19;SMS Concrete Optimization
9;transitional;SCSI Investment Account Shoals;South Anais;Arkansas;USA;overriding input;11878;56059;2020-03-11T18:58:43;quantify Michigan;2020-03-12T02:20:00;Barbados
10;JBOD;Internal;Port Kane;bandwidth card Avon;MEXICO;Technician Zimbabwe primary;21913;26670;2020-03-11T16:32:05;leverage online;2020-03-11T20:55:36;withdrawal Granite
