id;item_name;description;default_qty;price;created_on;created_by;updated_on;updated_by
1;emulation Seychelles Rupee Tools;systematic Integration drive;52903;38967;2020-03-11T10:50:47;payment Plains Rustic;2020-03-11T23:14:18;Fantastic
2;heuristic primary;Senegal South Carolina circuit;42301;86984;2020-03-12T00:47:53;Coordinator;2020-03-12T06:09:50;Ergonomic Plastic Fish
3;Home;Avon synergies;80313;14590;2020-03-11T21:52:06;Designer;2020-03-12T00:14:57;Pound Sterling Knoll Reactive
4;projection;Alaska Direct access;48051;96808;2020-03-11T18:46:42;Pizza yellow quantifying;2020-03-12T02:10:34;Assimilated teal
5;Fork Road;e-commerce Handmade;20198;63522;2020-03-12T05:57:09;Orchestrator Executive Manager;2020-03-11T11:47:54;capacitor Tasty Rubber Chair
6;Optional Turnpike fuchsia;payment;55462;59292;2020-03-12T00:02:50;Clothing;2020-03-11T15:15:13;invoice auxiliary
7;actuating Salad Concrete;demand-driven transmitting conglomeration;39204;20333;2020-03-12T04:47:03;wireless Licensed;2020-03-11T18:55:33;Practical Concrete Shirt Nebraska
8;Fresh;Investment Account Saint Helena indexing;18662;50078;2020-03-12T03:46:31;Utah GB Human;2020-03-11T21:12:45;Bacon Bike transmit
9;initiative bandwidth Soft;Granite Sleek Soft Car;34949;10856;2020-03-11T12:32:26;Buckinghamshire Congolese Franc interface;2020-03-11T23:39:49;real-time
10;Credit Card Account Uzbekistan Sum Direct;Ramp Holy See (Vatican City State) Optimization;43167;91906;2020-03-11T23:00:10;responsive SMTP;2020-03-11T12:46:43;Operations
